question,number_correct_answers,percentage_correct_answers,Top
reading_3.1_2,2695.0,98.75412238915354,1
reading_3.1_1,2618.0,95.93257603517772,2
reading_3.1_4,2606.0,95.49285452546721,3
reading_3.1_5,2600.0,95.27299377061195,4
reading_3.1_3,2583.0,94.65005496518872,5
reading_4.1_1,2473.0,90.61927445950899,6
reading_3.2_3,2473.0,90.61927445950899,7
