question,number_correct_answers,percentage_correct_answers,Top
reading_1_2,920.0,33.711982411139616,1
reading_1_9,953.0,34.92121656284353,2
reading_2_1,990.0,36.27702455111763,3
reading_1_7,1097.0,40.19787467936973,4
reading_1_8,1104.0,40.45437889336753,5
listening_2_5,1140.0,41.77354342249908,6
listening_1_4,1158.0,42.43312568706486,7
