question,number_correct_answers,percentage_correct_answers,Top
reading_1_9,128.0,25.54890219560878,1
reading_1_7,140.0,27.944111776447105,2
reading_1_2,143.0,28.542914171656687,3
reading_1_8,146.0,29.141716566866265,4
reading_2_1,161.0,32.13572854291417,5
listening_2_5,175.0,34.930139720558884,6
reading_1_6,183.0,36.52694610778443,7
