question,number_correct_answers,percentage_correct_answers,Top
reading_2_1,383.0,37.549019607843135,1
listening_1_4,434.0,42.549019607843135,2
reading_1_9,435.0,42.64705882352941,3
reading_1_2,452.0,44.31372549019608,4
listening_2_5,453.0,44.41176470588235,5
reading_1_7,482.0,47.25490196078431,6
reading_1_8,505.0,49.50980392156863,7
