question,number_correct_answers,percentage_correct_answers,Top
listening_3_D,17.0,24.285714285714285,1
reading_2_1,20.0,28.57142857142857,2
listening_1_4,23.0,32.857142857142854,3
listening_3_C,24.0,34.285714285714285,4
listening_2_5,30.0,42.857142857142854,5
listening_2_4,32.0,45.714285714285715,6
listening_1_5,34.0,48.57142857142857,7
