question,number_correct_answers,percentage_correct_answers,Top
reading_1_2,2.0,4.444444444444445,1
reading_2_4,3.0,6.666666666666667,2
listening_1_4,10.0,22.22222222222222,3
reading_1_7,11.0,24.444444444444443,4
listening_1_2,17.0,37.77777777777778,5
listening_3_D,18.0,40.0,6
listening_2_6,18.0,40.0,7
