question,number_correct_answers,percentage_correct_answers,Top
reading_1_9,26.0,38.80597014925373,1
reading_3.2_4,27.0,40.298507462686565,2
listening_1_4,27.0,40.298507462686565,3
reading_1_8,28.0,41.7910447761194,4
listening_2_5,31.0,46.26865671641791,5
listening_1_2,32.0,47.76119402985074,6
reading_3.2_2,32.0,47.76119402985074,7
