question,number_correct_answers,percentage_correct_answers,Top
reading_3.1_2,48.0,100.0,1
reading_3.1_1,47.0,97.91666666666666,2
reading_3.1_4,46.0,95.83333333333334,3
reading_4.1_1,46.0,95.83333333333334,4
reading_3.2_3,46.0,95.83333333333334,5
listening_4_8,45.0,93.75,6
listening_4_7,45.0,93.75,7
