question,number_correct_answers,percentage_correct_answers,Top
reading_3.1_2,35.0,100.0,1
reading_3.2_3,33.0,94.28571428571428,2
listening_4_1,32.0,91.42857142857143,3
reading_4.1_1,30.0,85.71428571428571,4
reading_3.1_4,30.0,85.71428571428571,5
reading_3.1_3,29.0,82.85714285714286,6
reading_3.1_5,29.0,82.85714285714286,7
