question,number_correct_answers,percentage_correct_answers,Top
reading_2_1,29.0,33.72093023255814,1
reading_1_2,30.0,34.883720930232556,2
listening_2_5,35.0,40.69767441860465,3
listening_2_6,36.0,41.86046511627907,4
reading_2_4,38.0,44.18604651162791,5
reading_1_9,39.0,45.348837209302324,6
reading_2_9,41.0,47.674418604651166,7
