question,number_correct_answers,percentage_correct_answers,Top
reading_3.1_2,42.0,100.0,1
reading_3.1_1,41.0,97.61904761904762,2
listening_4_1,41.0,97.61904761904762,3
reading_3.1_5,39.0,92.85714285714286,4
reading_3.1_4,39.0,92.85714285714286,5
reading_4.1_1,38.0,90.47619047619048,6
reading_3.1_3,38.0,90.47619047619048,7
