question,number_correct_answers,percentage_correct_answers,Top
reading_1_2,6.0,9.090909090909092,1
reading_1_9,10.0,15.151515151515152,2
reading_1_8,11.0,16.666666666666664,3
reading_2_1,17.0,25.757575757575758,4
reading_1_7,17.0,25.757575757575758,5
reading_1_3,17.0,25.757575757575758,6
reading_1_6,18.0,27.27272727272727,7
