question,number_correct_answers,percentage_correct_answers,Top
reading_3.1_2,59.0,100.0,1
reading_4.1_4,59.0,100.0,2
listening_3_C,59.0,100.0,3
reading_3.1_5,58.0,98.30508474576271,4
reading_4.1_1,58.0,98.30508474576271,5
reading_3.1_4,58.0,98.30508474576271,6
reading_1_1,58.0,98.30508474576271,7
