question,number_correct_answers,percentage_correct_answers,Top
reading_3.1_2,61.0,98.38709677419355,1
reading_3.1_5,61.0,98.38709677419355,2
listening_4_7,61.0,98.38709677419355,3
listening_4_1,61.0,98.38709677419355,4
reading_3.1_3,61.0,98.38709677419355,5
reading_3.1_1,60.0,96.7741935483871,6
listening_4_8,60.0,96.7741935483871,7
