question,number_correct_answers,percentage_correct_answers,Top
reading_3.1_4,56.0,100.0,1
reading_3.1_1,56.0,100.0,2
reading_3.1_2,56.0,100.0,3
reading_3.1_5,55.0,98.21428571428571,4
reading_3.1_3,55.0,98.21428571428571,5
reading_4.2_3,53.0,94.64285714285714,6
reading_4.2_1,52.0,92.85714285714286,7
