question,number_correct_answers,percentage_correct_answers,Top
reading_2_1,2.0,18.181818181818183,1
listening_2_4,2.0,18.181818181818183,2
reading_1_7,3.0,27.27272727272727,3
listening_2_5,3.0,27.27272727272727,4
listening_2_6,4.0,36.36363636363637,5
reading_3_1,4.0,36.36363636363637,6
reading_1_6,4.0,36.36363636363637,7
