question,number_correct_answers,percentage_correct_answers,Top
reading_1_9,11.0,19.298245614035086,1
reading_1_2,17.0,29.82456140350877,2
reading_1_8,18.0,31.57894736842105,3
reading_1_3,18.0,31.57894736842105,4
reading_1_7,18.0,31.57894736842105,5
listening_2_5,18.0,31.57894736842105,6
reading_2_9,22.0,38.59649122807017,7
