question,number_correct_answers,percentage_correct_answers,Top
reading_3.1_2,55.0,100.0,1
reading_3.1_3,55.0,100.0,2
reading_3.1_5,55.0,100.0,3
reading_4.1_1,55.0,100.0,4
reading_3.1_4,54.0,98.18181818181819,5
reading_2_10,54.0,98.18181818181819,6
reading_3.1_1,54.0,98.18181818181819,7
