question,number_correct_answers,percentage_correct_answers,Top
listening_3_D,31.0,52.54237288135594,1
listening_3_A,31.0,52.54237288135594,2
listening_1_4,32.0,54.23728813559322,3
listening_1_5,32.0,54.23728813559322,4
reading_2_9,33.0,55.932203389830505,5
reading_2_4,35.0,59.32203389830508,6
listening_2_5,37.0,62.71186440677966,7
