question,number_correct_answers,percentage_correct_answers,Top
reading_3.2_3,42.0,97.67441860465115,1
reading_3.1_2,42.0,97.67441860465115,2
reading_3.1_4,41.0,95.34883720930233,3
reading_3.1_1,41.0,95.34883720930233,4
reading_3.1_5,39.0,90.69767441860465,5
listening_4_1,39.0,90.69767441860465,6
reading_3.1_3,39.0,90.69767441860465,7
