question,number_correct_answers,percentage_correct_answers,Top
reading_1_2,5.0,9.615384615384617,1
reading_1_9,6.0,11.538461538461538,2
listening_2_5,9.0,17.307692307692307,3
reading_1_8,10.0,19.230769230769234,4
reading_1_6,10.0,19.230769230769234,5
reading_1_1,11.0,21.153846153846153,6
reading_2_1,11.0,21.153846153846153,7
