question,number_correct_answers,percentage_correct_answers,Top
reading_2_1,1.0,5.88235294117647,1
listening_4_6,3.0,17.647058823529413,2
listening_4_5,4.0,23.52941176470588,3
listening_4_2,4.0,23.52941176470588,4
listening_2_5,5.0,29.411764705882355,5
reading_1_8,6.0,35.294117647058826,6
reading_1_9,6.0,35.294117647058826,7
