question,number_correct_answers,percentage_correct_answers,Top
reading_3.1_4,54.0,100.0,1
reading_3.1_2,54.0,100.0,2
reading_3.1_1,54.0,100.0,3
reading_4.1_1,53.0,98.14814814814815,4
listening_2_2,53.0,98.14814814814815,5
listening_4_8,53.0,98.14814814814815,6
listening_4_7,53.0,98.14814814814815,7
