question,number_correct_answers,percentage_correct_answers,Top
reading_1_9,20.0,36.36363636363637,1
reading_1_7,20.0,36.36363636363637,2
listening_1_5,20.0,36.36363636363637,3
listening_2_4,23.0,41.81818181818181,4
reading_1_8,26.0,47.27272727272727,5
listening_4_5,28.0,50.90909090909091,6
reading_2_12,29.0,52.72727272727272,7
