question,number_correct_answers,percentage_correct_answers,Top
reading_3.1_3,87.0,100.0,1
reading_3.1_2,87.0,100.0,2
reading_3.2_3,87.0,100.0,3
reading_3.1_5,87.0,100.0,4
reading_3.1_4,86.0,98.85057471264368,5
reading_3.1_1,86.0,98.85057471264368,6
reading_4.1_1,86.0,98.85057471264368,7
