question,number_correct_answers,percentage_correct_answers,Top
listening_1_4,17.0,23.61111111111111,1
reading_1_7,18.0,25.0,2
reading_1_2,20.0,27.77777777777778,3
reading_2_1,21.0,29.166666666666668,4
reading_1_9,23.0,31.944444444444443,5
reading_3.2_4,25.0,34.72222222222222,6
reading_1_8,27.0,37.5,7
