question,number_correct_answers,percentage_correct_answers,Top
reading_2_1,22.0,30.136986301369863,1
reading_1_9,23.0,31.506849315068493,2
reading_1_2,24.0,32.87671232876712,3
reading_1_5,27.0,36.986301369863014,4
reading_1_8,29.0,39.726027397260275,5
reading_1_6,29.0,39.726027397260275,6
listening_2_4,29.0,39.726027397260275,7
