question,number_correct_answers,percentage_correct_answers,Top
reading_3.1_2,52.0,96.29629629629629,1
listening_4_2,49.0,90.74074074074075,2
reading_3.1_1,49.0,90.74074074074075,3
reading_3.1_4,48.0,88.88888888888889,4
reading_4.1_1,47.0,87.03703703703704,5
reading_3.1_5,47.0,87.03703703703704,6
listening_4_8,46.0,85.18518518518519,7
