question,number_correct_answers,percentage_correct_answers,Top
reading_3.1_1,45.0,100.0,1
reading_3.1_2,45.0,100.0,2
reading_3.1_4,44.0,97.77777777777777,3
reading_3.1_5,42.0,93.33333333333333,4
reading_4.2_1,42.0,93.33333333333333,5
reading_3.1_3,42.0,93.33333333333333,6
reading_4.1_1,42.0,93.33333333333333,7
