question,number_correct_answers,percentage_correct_answers,Top
reading_1_2,10.0,22.727272727272727,1
reading_1_9,10.0,22.727272727272727,2
reading_2_1,13.0,29.545454545454547,3
listening_2_6,15.0,34.090909090909086,4
reading_1_8,15.0,34.090909090909086,5
listening_2_5,18.0,40.909090909090914,6
listening_1_4,18.0,40.909090909090914,7
