question,number_correct_answers,percentage_correct_answers,Top
reading_3.1_2,50.0,96.15384615384616,1
reading_3.1_1,48.0,92.3076923076923,2
reading_3.2_3,48.0,92.3076923076923,3
reading_3.1_4,47.0,90.38461538461539,4
reading_3.1_5,45.0,86.53846153846155,5
reading_3.1_3,45.0,86.53846153846155,6
reading_4.1_1,40.0,76.92307692307693,7
