question,number_correct_answers,percentage_correct_answers,Top
reading_3.1_2,53.0,100.0,1
reading_3.1_5,52.0,98.11320754716981,2
reading_3.1_1,52.0,98.11320754716981,3
reading_3.1_3,51.0,96.22641509433963,4
reading_4.1_1,51.0,96.22641509433963,5
reading_3.2_3,51.0,96.22641509433963,6
reading_3.1_4,50.0,94.33962264150944,7
