question,number_correct_answers,percentage_correct_answers,Top
reading_2_1,17.0,26.153846153846157,1
listening_2_5,21.0,32.30769230769231,2
listening_2_6,21.0,32.30769230769231,3
reading_2_12,24.0,36.92307692307693,4
listening_2_8,27.0,41.53846153846154,5
listening_1_5,28.0,43.07692307692308,6
reading_1_2,29.0,44.61538461538462,7
