question,number_correct_answers,percentage_correct_answers,Top
reading_3.1_2,66.0,100.0,1
reading_3.1_1,62.0,93.93939393939394,2
reading_3.1_5,61.0,92.42424242424242,3
reading_3.1_4,61.0,92.42424242424242,4
reading_3.1_3,59.0,89.39393939393939,5
reading_2_10,57.0,86.36363636363636,6
listening_4_1,55.0,83.33333333333334,7
