question,number_correct_answers,percentage_correct_answers,Top
reading_3.1_2,98.0,97.02970297029702,1
reading_3.2_3,98.0,97.02970297029702,2
reading_3.1_5,98.0,97.02970297029702,3
reading_3.1_1,96.0,95.04950495049505,4
reading_3.1_4,95.0,94.05940594059405,5
reading_4.2_1,95.0,94.05940594059405,6
reading_3.1_3,95.0,94.05940594059405,7
