question,number_correct_answers,percentage_correct_answers,Top
reading_3.1_2,80.0,98.76543209876543,1
reading_3.1_4,77.0,95.06172839506173,2
reading_3.1_1,77.0,95.06172839506173,3
reading_3.1_3,77.0,95.06172839506173,4
reading_4.1_1,76.0,93.82716049382715,5
reading_3.1_5,75.0,92.5925925925926,6
reading_3.2_3,73.0,90.12345679012346,7
