question,number_correct_answers,percentage_correct_answers,Top
reading_1_2,7.0,11.666666666666666,1
reading_1_9,16.0,26.666666666666668,2
reading_1_7,16.0,26.666666666666668,3
reading_2_1,17.0,28.333333333333332,4
reading_2_5,17.0,28.333333333333332,5
listening_3_D,17.0,28.333333333333332,6
reading_1_8,18.0,30.0,7
