question,number_correct_answers,percentage_correct_answers,Top
reading_3.1_2,46.0,95.83333333333334,1
reading_3.1_4,44.0,91.66666666666666,2
reading_3.1_5,43.0,89.58333333333334,3
reading_3.1_1,42.0,87.5,4
reading_3.1_3,42.0,87.5,5
reading_4.1_1,38.0,79.16666666666666,6
reading_3.2_3,31.0,64.58333333333334,7
