question,number_correct_answers,percentage_correct_answers,Top
reading_3.1_1,94.0,100.0,1
reading_3.1_2,94.0,100.0,2
reading_3.1_4,94.0,100.0,3
reading_3.2_3,94.0,100.0,4
reading_3.1_3,93.0,98.93617021276596,5
reading_3.1_5,93.0,98.93617021276596,6
listening_4_7,93.0,98.93617021276596,7
