question,number_correct_answers,percentage_correct_answers,Top
reading_2_1,4.0,7.4074074074074066,1
listening_1_4,21.0,38.88888888888889,2
listening_1_5,22.0,40.74074074074074,3
reading_2_9,23.0,42.592592592592595,4
reading_3.2_4,24.0,44.44444444444444,5
reading_1_9,24.0,44.44444444444444,6
reading_1_7,25.0,46.2962962962963,7
