question,number_correct_answers,percentage_correct_answers,Top
reading_2_1,23.0,26.436781609195403,1
listening_1_4,27.0,31.03448275862069,2
listening_1_5,34.0,39.08045977011494,3
listening_2_5,35.0,40.229885057471265,4
reading_1_9,35.0,40.229885057471265,5
listening_2_6,36.0,41.37931034482759,6
reading_1_7,38.0,43.67816091954023,7
