question,number_correct_answers,percentage_correct_answers,Top
reading_3.1_2,30.0,100.0,1
listening_4_7,30.0,100.0,2
listening_4_1,30.0,100.0,3
reading_3.1_1,29.0,96.66666666666667,4
reading_4.2_1,29.0,96.66666666666667,5
reading_4.1_1,29.0,96.66666666666667,6
reading_3.2_3,29.0,96.66666666666667,7
