question,number_correct_answers,percentage_correct_answers,Top
reading_2_1,25.0,45.45454545454545,1
listening_2_5,29.0,52.72727272727272,2
reading_1_2,29.0,52.72727272727272,3
listening_1_4,31.0,56.36363636363636,4
reading_2_9,31.0,56.36363636363636,5
reading_2_12,32.0,58.18181818181818,6
reading_2_4,34.0,61.81818181818181,7
