question,number_correct_answers,percentage_correct_answers,Top
reading_3.2_3,64.0,98.46153846153847,1
reading_3.1_2,64.0,98.46153846153847,2
listening_4_7,62.0,95.38461538461539,3
listening_4_8,61.0,93.84615384615384,4
listening_4_4,61.0,93.84615384615384,5
listening_4_1,61.0,93.84615384615384,6
reading_3.1_4,61.0,93.84615384615384,7
