question,number_correct_answers,percentage_correct_answers,Top
reading_1_2,25.0,24.752475247524753,1
listening_1_4,32.0,31.683168316831683,2
reading_1_9,36.0,35.64356435643564,3
reading_2_1,39.0,38.613861386138616,4
listening_2_6,41.0,40.5940594059406,5
reading_2_12,42.0,41.584158415841586,6
listening_1_2,44.0,43.56435643564357,7
