question,number_correct_answers,percentage_correct_answers,Top
reading_1_9,16.0,19.51219512195122,1
reading_1_8,18.0,21.951219512195124,2
reading_2_1,19.0,23.170731707317074,3
reading_1_2,24.0,29.268292682926827,4
reading_1_7,25.0,30.48780487804878,5
listening_1_4,25.0,30.48780487804878,6
reading_1_6,27.0,32.926829268292686,7
