question,number_correct_answers,percentage_correct_answers,Top
reading_1_7,4.0,11.428571428571429,1
reading_1_8,5.0,14.285714285714285,2
reading_1_9,5.0,14.285714285714285,3
reading_1_3,6.0,17.142857142857142,4
reading_1_2,7.0,20.0,5
reading_1_6,7.0,20.0,6
reading_3.2_4,7.0,20.0,7
