question,number_correct_answers,percentage_correct_answers,Top
reading_3.1_3,53.0,100.0,1
reading_3.1_1,53.0,100.0,2
reading_3.1_2,53.0,100.0,3
reading_3.1_5,52.0,98.11320754716981,4
reading_3.1_4,50.0,94.33962264150944,5
reading_4.2_1,48.0,90.56603773584906,6
reading_4.1_1,48.0,90.56603773584906,7
