question,number_correct_answers,percentage_correct_answers,Top
reading_1_7,37.0,39.361702127659576,1
reading_1_2,39.0,41.48936170212766,2
listening_1_2,45.0,47.87234042553192,3
reading_2_1,47.0,50.0,4
listening_1_4,51.0,54.25531914893617,5
reading_2_9,53.0,56.38297872340425,6
reading_1_9,53.0,56.38297872340425,7
