question,number_correct_answers,percentage_correct_answers,Top
reading_1_2,28.0,41.17647058823529,1
reading_2_1,32.0,47.05882352941176,2
listening_1_4,34.0,50.0,3
reading_2_4,35.0,51.470588235294116,4
reading_3.2_4,35.0,51.470588235294116,5
listening_2_6,35.0,51.470588235294116,6
reading_1_7,36.0,52.94117647058824,7
