question,number_correct_answers,percentage_correct_answers,Top
reading_3.2_3,56.0,100.0,1
reading_3.1_2,55.0,98.21428571428571,2
reading_3.1_5,54.0,96.42857142857143,3
reading_3.1_3,54.0,96.42857142857143,4
reading_3.1_4,53.0,94.64285714285714,5
reading_3.1_1,53.0,94.64285714285714,6
reading_4.2_1,50.0,89.28571428571429,7
