question,number_correct_answers,percentage_correct_answers,Top
reading_1_7,5.0,11.904761904761903,1
reading_1_9,6.0,14.285714285714285,2
listening_1_4,9.0,21.428571428571427,3
reading_2_1,9.0,21.428571428571427,4
reading_1_2,9.0,21.428571428571427,5
listening_3_D,10.0,23.809523809523807,6
listening_1_2,11.0,26.190476190476193,7
