question,number_correct_answers,percentage_correct_answers,Top
listening_4_7,70.0,100.0,1
listening_4_8,70.0,100.0,2
listening_4_4,69.0,98.57142857142858,3
listening_4_1,68.0,97.14285714285714,4
reading_3.1_5,67.0,95.71428571428572,5
reading_3.1_1,67.0,95.71428571428572,6
reading_4.1_1,67.0,95.71428571428572,7
