question,number_correct_answers,percentage_correct_answers,Top
reading_1_9,2.0,4.651162790697675,1
reading_1_7,3.0,6.976744186046512,2
reading_1_6,3.0,6.976744186046512,3
reading_1_8,4.0,9.30232558139535,4
reading_2_1,4.0,9.30232558139535,5
reading_1_2,6.0,13.953488372093023,6
listening_2_6,6.0,13.953488372093023,7
