question,number_correct_answers,percentage_correct_answers,Top
reading_3.1_2,72.0,98.63013698630137,1
reading_3.1_5,70.0,95.8904109589041,2
reading_3.1_3,70.0,95.8904109589041,3
reading_3.1_1,70.0,95.8904109589041,4
reading_3.1_4,69.0,94.52054794520548,5
listening_4_8,66.0,90.41095890410958,6
listening_4_1,66.0,90.41095890410958,7
