question,number_correct_answers,percentage_correct_answers,Top
reading_1_2,3.0,10.344827586206897,1
reading_2_1,4.0,13.793103448275861,2
reading_1_1,9.0,31.03448275862069,3
reading_1_9,9.0,31.03448275862069,4
listening_4_5,9.0,31.03448275862069,5
listening_4_2,9.0,31.03448275862069,6
reading_1_8,10.0,34.48275862068966,7
