question,number_correct_answers,percentage_correct_answers,Top
reading_1_2,3.0,6.25,1
reading_1_9,5.0,10.416666666666668,2
reading_1_8,7.0,14.583333333333334,3
listening_2_5,10.0,20.833333333333336,4
reading_1_7,16.0,33.33333333333333,5
reading_1_3,16.0,33.33333333333333,6
listening_2_4,17.0,35.41666666666667,7
