question,number_correct_answers,percentage_correct_answers,Top
reading_3.1_5,85.0,98.83720930232558,1
reading_3.1_2,84.0,97.67441860465115,2
reading_3.1_3,84.0,97.67441860465115,3
reading_3.1_4,84.0,97.67441860465115,4
reading_3.1_1,83.0,96.51162790697676,5
reading_3.2_3,81.0,94.18604651162791,6
reading_4.2_3,81.0,94.18604651162791,7
