question,number_correct_answers,percentage_correct_answers,Top
reading_1_2,18.0,30.0,1
reading_2_1,19.0,31.666666666666664,2
reading_2_12,28.0,46.666666666666664,3
reading_2_4,28.0,46.666666666666664,4
reading_2_9,28.0,46.666666666666664,5
reading_1_9,33.0,55.00000000000001,6
reading_3.2_4,33.0,55.00000000000001,7
