question,number_correct_answers,percentage_correct_answers,Top
listening_2_5,10.0,21.27659574468085,1
reading_1_7,18.0,38.297872340425535,2
listening_3_D,22.0,46.808510638297875,3
reading_1_8,23.0,48.93617021276596,4
reading_1_9,27.0,57.446808510638306,5
listening_3_C,27.0,57.446808510638306,6
listening_2_4,27.0,57.446808510638306,7
