question,number_correct_answers,percentage_correct_answers,Top
reading_3.1_2,47.0,100.0,1
reading_3.2_3,47.0,100.0,2
listening_1_3,46.0,97.87234042553192,3
reading_3.1_1,46.0,97.87234042553192,4
reading_3.1_3,46.0,97.87234042553192,5
reading_3.1_5,46.0,97.87234042553192,6
reading_4.2_3,45.0,95.74468085106383,7
