question,number_correct_answers,percentage_correct_answers,Top
reading_1_9,51.0,27.717391304347828,1
listening_2_5,64.0,34.78260869565217,2
listening_1_4,68.0,36.95652173913043,3
reading_1_7,69.0,37.5,4
reading_1_8,77.0,41.84782608695652,5
listening_2_6,80.0,43.47826086956522,6
reading_1_2,81.0,44.02173913043478,7
