question,number_correct_answers,percentage_correct_answers,Top
reading_3.1_2,184.0,100.0,1
reading_3.1_4,182.0,98.91304347826086,2
reading_3.1_1,181.0,98.36956521739131,3
reading_3.2_3,181.0,98.36956521739131,4
reading_3.1_3,179.0,97.28260869565217,5
reading_3.1_5,178.0,96.73913043478261,6
reading_4.2_1,176.0,95.65217391304348,7
