question,number_correct_answers,percentage_correct_answers,Top
reading_3.1_2,1140.0,98.7012987012987,1
reading_3.1_1,1113.0,96.36363636363636,2
reading_3.1_4,1106.0,95.75757575757575,3
reading_3.1_5,1105.0,95.67099567099568,4
reading_3.1_3,1095.0,94.8051948051948,5
reading_4.1_1,1045.0,90.47619047619048,6
reading_3.2_3,1043.0,90.30303030303031,7
