question,number_correct_answers,percentage_correct_answers,Top
reading_2_1,172.0,36.75213675213676,1
reading_1_2,225.0,48.07692307692308,2
reading_1_9,227.0,48.504273504273506,3
listening_1_5,228.0,48.717948717948715,4
listening_1_4,231.0,49.358974358974365,5
reading_2_9,236.0,50.427350427350426,6
listening_2_5,242.0,51.70940170940172,7
