question,number_correct_answers,percentage_correct_answers,Top
reading_1_2,315.0,27.27272727272727,1
reading_1_9,366.0,31.68831168831169,2
reading_2_1,420.0,36.36363636363637,3
reading_1_8,429.0,37.142857142857146,4
reading_1_7,448.0,38.78787878787879,5
listening_1_4,471.0,40.77922077922078,6
listening_2_5,487.0,42.16450216450217,7
