question,number_correct_answers,percentage_correct_answers,Top
reading_1_2,10.0,18.867924528301888,1
listening_3_D,15.0,28.30188679245283,2
listening_1_4,20.0,37.735849056603776,3
reading_2_5,22.0,41.509433962264154,4
listening_1_5,23.0,43.39622641509434,5
reading_1_8,24.0,45.28301886792453,6
listening_3_C,24.0,45.28301886792453,7
