question,number_correct_answers,percentage_correct_answers,Top
reading_3.1_2,336.0,98.82352941176471,1
reading_3.1_4,320.0,94.11764705882352,2
reading_3.1_5,318.0,93.52941176470588,3
reading_3.1_1,317.0,93.23529411764706,4
reading_3.1_3,317.0,93.23529411764706,5
reading_3.2_3,299.0,87.94117647058823,6
listening_4_1,295.0,86.76470588235294,7
