question,number_correct_answers,percentage_correct_answers,Top
reading_2_1,61.0,27.47747747747748,1
listening_1_4,66.0,29.72972972972973,2
reading_1_2,81.0,36.486486486486484,3
reading_1_9,85.0,38.288288288288285,4
listening_3_D,87.0,39.189189189189186,5
reading_1_7,89.0,40.090090090090094,6
listening_2_5,94.0,42.34234234234234,7
