question,number_correct_answers,percentage_correct_answers,Top
listening_2_5,53.0,36.3013698630137,1
reading_2_1,57.0,39.04109589041096,2
listening_2_4,61.0,41.78082191780822,3
reading_1_2,65.0,44.52054794520548,4
reading_2_9,66.0,45.20547945205479,5
reading_2_4,68.0,46.57534246575342,6
listening_1_4,69.0,47.26027397260274,7
