question,number_correct_answers,percentage_correct_answers,Top
reading_1_2,119.0,30.989583333333332,1
reading_1_9,135.0,35.15625,2
reading_2_1,140.0,36.45833333333333,3
reading_1_7,145.0,37.76041666666667,4
reading_1_8,147.0,38.28125,5
listening_2_5,150.0,39.0625,6
listening_2_6,167.0,43.48958333333333,7
