question,number_correct_answers,percentage_correct_answers,Top
reading_1_2,791.0,34.37635810517167,1
reading_1_9,806.0,35.02824858757062,2
reading_2_1,838.0,36.418948283355064,3
reading_1_7,939.0,40.80834419817471,4
reading_1_8,944.0,41.02564102564102,5
listening_1_4,968.0,42.068665797479355,6
listening_2_5,971.0,42.19904389395915,7
