question,number_correct_answers,percentage_correct_answers,Top
reading_3.1_2,42.0,97.67441860465115,1
reading_3.1_4,42.0,97.67441860465115,2
reading_3.1_3,41.0,95.34883720930233,3
reading_3.1_5,40.0,93.02325581395348,4
reading_3.1_1,40.0,93.02325581395348,5
listening_4_8,37.0,86.04651162790698,6
listening_4_1,37.0,86.04651162790698,7
