question,number_correct_answers,percentage_correct_answers,Top
reading_1_2,10.0,23.25581395348837,1
reading_2_1,11.0,25.581395348837212,2
reading_1_9,12.0,27.906976744186046,3
reading_1_8,13.0,30.23255813953488,4
reading_1_7,13.0,30.23255813953488,5
listening_2_6,16.0,37.2093023255814,6
listening_1_5,17.0,39.53488372093023,7
